INSERT INTO USERS (USERNAME, EMAIL, DATEJOINED, DISPLAYNAME)
VALUES ('hpoe01', 'hpoe@outlook.com', TO_DATE('2024-10-16', 'YYYY-MM-DD'), 'hansel');
INSERT INTO USERS (USERNAME, EMAIL, DATEJOINED, DISPLAYNAME, FOLLOWINGUSERNAME, FOLLOWEDUSERNAME)
VALUES ('jpat02', 'jpat@outlook.com', TO_DATE('2024-10-15', 'YYYY-MM-DD'), 'jessica', 'hpoe01', 'jkim03');
INSERT INTO USERS (USERNAME, EMAIL, DATEJOINED, DISPLAYNAME, FOLLOWEDUSERNAME)
VALUES ('jkim03', 'jkim@gmail.com', TO_DATE('2024-10-14', 'YYYY-MM-DD'), 'jeff', 'hpoe01');
INSERT INTO USERS (USERNAME, EMAIL, DATEJOINED, DISPLAYNAME, FOLLOWINGUSERNAME)
VALUES ('skat04', 'kat@gmail.com', TO_DATE('2024-10-13', 'YYYY-MM-DD'), 'kat', 'jkim03');
INSERT INTO USERS (USERNAME, EMAIL, DATEJOINED, DISPLAYNAME)
VALUES ('ljon05', 'jon@gmail.com', TO_DATE('2024-10-12', 'YYYY-MM-DD'), 'jon');
INSERT INTO USERS (USERNAME, EMAIL, DATEJOINED, DISPLAYNAME)
VALUES ('BillyBobJoe', 'bbj@gmail.com', TO_DATE('2012-01-02', 'YYYY-MM-DD'), 'IAmBBJ');

INSERT INTO COMMUNITIES(COMMUNITYNAME, RULES, DESCRIPTION)
VALUES ('BuildAPC', '1. No harrasment\n 2. No Politics...', 'Welcome to the largest sub on anything PC related');
INSERT INTO COMMUNITIES(COMMUNITYNAME, RULES, DESCRIPTION)
VALUES ('Math', '1. No discussing other subjects\n 2. No Physics discussion...', 'Discuss anything
Math here!');
INSERT INTO COMMUNITIES(COMMUNITYNAME, RULES, DESCRIPTION)
VALUES ('CSCareers', '1. No Grifting\n 2. No Politics...', 'Ask industry Professionals about CS
career');
INSERT INTO COMMUNITIES(COMMUNITYNAME, RULES, DESCRIPTION)
VALUES ('AMA', '1. No boring questions\n 2. Be original...', 'Place for interesting people to answer
questions');
INSERT INTO COMMUNITIES(COMMUNITYNAME, RULES, DESCRIPTION)
VALUES ('Gaming', '1. Gaming topics only\n 2. No Politics...', 'Discuss the latest gaming news
here!');


INSERT INTO ENTRYCREATEDBY(ENTRYID, DATECREATED, CONTENT, USERNAME)
VALUES (103, TO_DATE('2024-12-15', 'YYYY-MM-DD'), 'OMG! I just went to space and it was AMAZING.', 'ljon05');
INSERT INTO ENTRYCREATEDBY(ENTRYID, DATECREATED, CONTENT, USERNAME)
VALUES (95, TO_DATE('2024-06-15', 'YYYY-MM-DD'), 'I just won the lottery but I was robbed on the same day.', 'jkim03');
INSERT INTO ENTRYCREATEDBY(ENTRYID, DATECREATED, CONTENT, USERNAME)
VALUES (24, TO_DATE('2024-12-15', 'YYYY-MM-DD'), 'Lucky. What are you gonna do with all dat dough.', 'jkim03');
INSERT INTO ENTRYCREATEDBY(ENTRYID, DATECREATED, CONTENT, USERNAME)
VALUES (27, TO_DATE('2024-06-16', 'YYYY-MM-DD'), 'HAHAHAHAHAHAHAHAHA!', 'BillyBobJoe');
INSERT INTO ENTRYCREATEDBY(ENTRYID, DATECREATED, CONTENT, USERNAME)
VALUES (28, TO_DATE('2024-06-17', 'YYYY-MM-DD'), 'I just robbed a person that won the lottery. Imagine the chances lol XD.', 'skat04');


INSERT INTO POSTIN(ENTRYID, TITLE, COMMUNITYNAME)
VALUES (103, 'SPACE IS AMAZING', 'AMA');
INSERT INTO POSTIN(ENTRYID, TITLE, COMMUNITYNAME)
VALUES (95, 'How lucky....', 'Gaming');

INSERT INTO COMMENTON(ENTRYID, ONENTRYID)
VALUES (24, 103);
INSERT INTO COMMENTON(ENTRYID, ONENTRYID)
VALUES (27, 95);
INSERT INTO COMMENTON(ENTRYID, ONENTRYID)
VALUES (28, 95);

INSERT INTO CHATROOM(CHATROOMID, NAME)
VALUES (2, 'CPSC304StudyGroup');
INSERT INTO CHATROOM(CHATROOMID, NAME)
VALUES (5, 'FoodCritics');

INSERT INTO MESSAGESENTBYIN(MESSAGEID, DATESENT, CONTENT, USERNAME, CHATROOMID)
VALUES (659, TO_DATE('2009-04-23', 'YYYY-MM-DD'), 'Did not start project. Now it is due tomorrow rip.', 'BillyBobJoe', 2);
INSERT INTO MESSAGESENTBYIN(MESSAGEID, DATESENT, CONTENT, USERNAME, CHATROOMID)
VALUES (660, TO_DATE('2009-04-23', 'YYYY-MM-DD'), 'Me Too. Bro, we are doomed!', 'jkim03', 2);
INSERT INTO MESSAGESENTBYIN(MESSAGEID, DATESENT, CONTENT, USERNAME, CHATROOMID)
VALUES (700, TO_DATE('2009-03-23', 'YYYY-MM-DD'), 'Just tried ramen in Japan. You guys are missing out.', 'hpoe01', 5);
INSERT INTO MESSAGESENTBYIN(MESSAGEID, DATESENT, CONTENT, USERNAME, CHATROOMID)
VALUES (701, TO_DATE('2009-03-23', 'YYYY-MM-DD'), 'I am living on a janitor salary. How am i suppose to go to Japan.','jkim03', 5);

INSERT INTO JOINSCHATROOM(CHATROOMID, USERNAME)
VALUES (2, 'hpoe01');
INSERT INTO JOINSCHATROOM(CHATROOMID, USERNAME)
VALUES (2, 'jpat02');
INSERT INTO JOINSCHATROOM(CHATROOMID, USERNAME)
VALUES (2, 'jkim03');
INSERT INTO JOINSCHATROOM(CHATROOMID, USERNAME)
VALUES (5, 'hpoe01');
INSERT INTO JOINSCHATROOM(CHATROOMID, USERNAME)
VALUES (5, 'jkim03');

INSERT INTO AWARDS(AWARDTYPE, VALUE)
VALUES ('Gold', 3);
INSERT INTO AWARDS(AWARDTYPE, VALUE)
VALUES ('Silver', 2);
INSERT INTO AWARDS(AWARDTYPE, VALUE)
VALUES ('Bronze', 1);
INSERT INTO AWARDS(AWARDTYPE, VALUE)
VALUES ('Diamond', 4);
INSERT INTO AWARDS(AWARDTYPE, VALUE)
VALUES ('Good Try', 5);
INSERT INTO AWARDS(AWARDTYPE, VALUE)
VALUES ('Funny', 6);

INSERT INTO GIVENTOBY(AWARDTYPE, USERNAME, ENTRYID)
VALUES ('Gold', 'jkim03', 103);
INSERT INTO GIVENTOBY(AWARDTYPE, USERNAME, ENTRYID)
VALUES ('Bronze', 'jpat02', 103);
INSERT INTO GIVENTOBY(AWARDTYPE, USERNAME, ENTRYID)
VALUES ('Funny', 'hpoe01', 95);

INSERT INTO FOLLOWS(FOLLOWINGUSERNAME, FOLLOWEDUSERNAME)
VALUES ('jpat02','jkim03');
INSERT INTO FOLLOWS(FOLLOWINGUSERNAME, FOLLOWEDUSERNAME)
VALUES ('hpoe01','jkim03');
INSERT INTO FOLLOWS(FOLLOWINGUSERNAME, FOLLOWEDUSERNAME)
VALUES ('jkim03','hpoe01');
INSERT INTO FOLLOWS(FOLLOWINGUSERNAME, FOLLOWEDUSERNAME)
VALUES ('jpat02','skat04');

INSERT INTO VOTE(USERNAME, ENTRYID, UPVOTEORDOWNVOTE)
VALUES ('jkim03', 103, 0);
INSERT INTO VOTE(USERNAME, ENTRYID, UPVOTEORDOWNVOTE)
VALUES ('hpoe01', 103, 1);
INSERT INTO VOTE(USERNAME, ENTRYID, UPVOTEORDOWNVOTE)
VALUES ('jpat02', 103, 1);
INSERT INTO VOTE(USERNAME, ENTRYID, UPVOTEORDOWNVOTE)
VALUES ('jkim03', 95, 1);
INSERT INTO VOTE(USERNAME, ENTRYID, UPVOTEORDOWNVOTE)
VALUES ('hpoe01', 95, 1);
INSERT INTO VOTE(USERNAME, ENTRYID, UPVOTEORDOWNVOTE)
VALUES ('jpat02', 95, 1);

INSERT INTO JOINSCOMMUNITY(USERNAME, COMMUNITYNAME)
VALUES ('jkim03', 'BuildAPC');
INSERT INTO JOINSCOMMUNITY(USERNAME, COMMUNITYNAME)
VALUES ('hpoe01', 'BuildAPC');
INSERT INTO JOINSCOMMUNITY(USERNAME, COMMUNITYNAME)
VALUES ('jpat02', 'BuildAPC');
INSERT INTO JOINSCOMMUNITY(USERNAME, COMMUNITYNAME)
VALUES ('jkim03', 'Math');
INSERT INTO JOINSCOMMUNITY(USERNAME, COMMUNITYNAME)
VALUES ('jpat02', 'CSCareers');
INSERT INTO JOINSCOMMUNITY(USERNAME, COMMUNITYNAME)
VALUES ('hpoe01', 'Gaming');
