

INSERT INTO USERS (USERNAME, EMAIL, DISPLAYNAME, DATEJOINED) VALUES
    ('hpoe01', 'hpoe@outlook.com', 'hansel', TO_DATE('2024-10-16', 'YYYY-MM-DD'));
INSERT INTO USERS (USERNAME, EMAIL, DISPLAYNAME, DATEJOINED) VALUES
    ('jpat02', 'jpat@outlook.com', 'jessica', TO_DATE('2024-10-15', 'YYYY-MM-DD'));
INSERT INTO USERS (USERNAME, EMAIL, DISPLAYNAME, DATEJOINED) VALUES
    ('jkim03', 'jkim@gmail.com', 'jeff', TO_DATE('2024-10-14', 'YYYY-MM-DD'));
INSERT INTO USERS (USERNAME, EMAIL, DISPLAYNAME, DATEJOINED) VALUES
    ('skat04', 'kat@gmail.com', 'kat', TO_DATE('2024-10-13', 'YYYY-MM-DD'));
INSERT INTO USERS (USERNAME, EMAIL, DISPLAYNAME, DATEJOINED) VALUES
    ('ljon05', 'jon@gmail.com', 'jon', TO_DATE('2024-10-12', 'YYYY-MM-DD'));
INSERT INTO USERS (USERNAME, EMAIL, DISPLAYNAME, DATEJOINED) VALUES
    ('BillyBobJoe', 'bbj@gmail.com', 'IAmBBJ', TO_DATE('2012-01-02', 'YYYY-MM-DD'));


INSERT INTO COMMUNITIES(COMMUNITYNAME, RULE, DESCRIPTION) VALUES
('BuildAPC', '1. No harrasment\n 2. No Politics...', 'Welcome to the largest sub on anything
PC related');
INSERT INTO COMMUNITIES(COMMUNITYNAME, RULE, DESCRIPTION) VALUES
('Math', '1. No discussing other subjects\n 2. No Physics discussion...' , 'Discuss anything
Math here!');
INSERT INTO COMMUNITIES(COMMUNITYNAME, RULE, DESCRIPTION) VALUES
('CSCareers', '1. No Grifting\n 2. No Politics...', 'Ask industry Professionals about CS
career');
INSERT INTO COMMUNITIES(COMMUNITYNAME, RULE, DESCRIPTION) VALUES
('AMA', '1. No boring questions\m 2. Be original...', 'Place for interesting people to answer
questions');
INSERT INTO COMMUNITIES(COMMUNITYNAME, RULE, DESCRIPTION) VALUES
('Gaming', '1. Gaming topics only\n 2. No Politics...', 'Discuss the latest gaming news
here!');


INSERT INTO ENTRYCREATEDBY(ENTRYID, DATECREATED, CONTENT, USERNAME) VALUES
(1, TO_DATE('2024-10-15', 'YYYY-MM-DD'), 'content1', 'hpoe01');
INSERT INTO ENTRYCREATEDBY(ENTRYID, DATECREATED, CONTENT, USERNAME) VALUES
(2, TO_DATE('2024-10-14', 'YYYY-MM-DD'), 'content2', 'hpoe01');
INSERT INTO ENTRYCREATEDBY(ENTRYID, DATECREATED, CONTENT, USERNAME) VALUES
(3, TO_DATE('2024-10-13', 'YYYY-MM-DD'), 'content3', 'jpat02');
INSERT INTO ENTRYCREATEDBY(ENTRYID, DATECREATED, CONTENT, USERNAME) VALUES
(4, TO_DATE('2024-10-12', 'YYYY-MM-DD'), 'content4', 'skat04');
INSERT INTO ENTRYCREATEDBY(ENTRYID, DATECREATED, CONTENT, USERNAME) VALUES
(5, TO_DATE('2024-10-11', 'YYYY-MM-DD'), 'content5', 'ljon05');


INSERT INTO PostIn(ENTRYID, TITLE, COMMUNITYNAME) VALUES
(1,'New Fallout Game',  'gaming');
INSERT INTO PostIn(ENTRYID, TITLE, COMMUNITYNAME) VALUES
(2,'Stuck in this level', 'gaming');
INSERT INTO PostIn(ENTRYID, TITLE, COMMUNITYNAME) VALUES
(3,'How to get a job?',  'Careers');
INSERT INTO PostIn(ENTRYID, TITLE, COMMUNITYNAME) VALUES
(4,'Stuck in this level', 'gaming');
INSERT INTO PostIn(ENTRYID, TITLE, COMMUNITYNAME) VALUES
(5,'CPU Overheating?',  'BuildAPC');


INSERT INTO CommentOn(ENTRYID, ONENTRYID) VALUES
(6, 1);
INSERT INTO CommentOn(ENTRYID, ONENTRYID) VALUES
(7, 2);
INSERT INTO CommentOn(ENTRYID, ONENTRYID) VALUES
(8, 3);
INSERT INTO CommentOn(ENTRYID, ONENTRYID) VALUES
(9, 4);
INSERT INTO CommentOn(ENTRYID, ONENTRYID) VALUES
(10, 5);


INSERT INTO AWARD(AWARDTYPE, VALUE) VALUES
('Gold', 100);
INSERT INTO AWARD(AWARDTYPE, VALUE) VALUES
('Silver', 75);
INSERT INTO AWARD(AWARDTYPE, VALUE) VALUES
('Bronze', 50);
INSERT INTO AWARD(AWARDTYPE, VALUE) VALUES
('Balloon', 25);
INSERT INTO AWARD(AWARDTYPE, VALUE) VALUES
('Rose', 10);


